{
  "hash": "fdc64e58",
  "configHash": "53c9e471",
  "lockfileHash": "4afb68b0",
  "browserHash": "c2d86900",
  "optimized": {
    "@angular/core": {
      "src": "../../../../../../node_modules/@angular/core/fesm2022/core.mjs",
      "file": "@angular_core.js",
      "fileHash": "2fea7244",
      "needsInterop": false
    },
    "@angular/platform-browser": {
      "src": "../../../../../../node_modules/@angular/platform-browser/fesm2022/platform-browser.mjs",
      "file": "@angular_platform-browser.js",
      "fileHash": "1a067a24",
      "needsInterop": false
    },
    "@angular/router": {
      "src": "../../../../../../node_modules/@angular/router/fesm2022/router.mjs",
      "file": "@angular_router.js",
      "fileHash": "a6840865",
      "needsInterop": false
    },
    "tslib": {
      "src": "../../../../../../node_modules/tslib/tslib.es6.mjs",
      "file": "tslib.js",
      "fileHash": "78150b66",
      "needsInterop": false
    },
    "@angular/common": {
      "src": "../../../../../../node_modules/@angular/common/fesm2022/common.mjs",
      "file": "@angular_common.js",
      "fileHash": "f3ef6a21",
      "needsInterop": false
    }
  },
  "chunks": {
    "chunk-6TYDCNUH": {
      "file": "chunk-6TYDCNUH.js"
    },
    "chunk-GNZGVCXV": {
      "file": "chunk-GNZGVCXV.js"
    },
    "chunk-SSPHGAPO": {
      "file": "chunk-SSPHGAPO.js"
    },
    "chunk-EPAV4CNQ": {
      "file": "chunk-EPAV4CNQ.js"
    }
  }
}